3018,i,MAN A23 Lion’s City GL NG313
4185,i,MAN A23 Lion’s City G NG313 CNG
4186,i,MAN A23 Lion’s City G NG313 CNG
4187,i,MAN A23 Lion’s City G NG313 CNG
4188,i,MAN A23 Lion’s City G NG313 CNG
4189,i,MAN A23 Lion’s City G NG313 CNG
4190,i,MAN A23 Lion’s City G NG313 CNG
4191,i,MAN A23 Lion’s City G NG313 CNG
4192,i,MAN A23 Lion’s City G NG313 CNG
4193,i,MAN A23 Lion’s City G NG313 CNG
4194,i,MAN A23 Lion’s City G NG313 CNG
4195,i,MAN A23 Lion’s City G NG313 CNG
4196,i,MAN A23 Lion’s City G NG313 CNG
4197,i,MAN A23 Lion’s City G NG313 CNG
4198,i,MAN A23 Lion’s City G NG313 CNG
